fold,test_auc,test_aupr,test_acc,test_recall,test_precision,test_f,specificity
0,0.950222439,0.953498241,0.895833333,0.8828125,0.906417112,0.894459103,0.908854167
1,0.955708822,0.96595111,0.907552083,0.875,0.935933148,0.904441454,0.940104167
2,0.96226671,0.972324703,0.92578125,0.885416667,0.963172805,0.92265943,0.966145833
3,0.949707031,0.959602872,0.904947917,0.888020833,0.919137466,0.903311258,0.921875
4,0.94873725,0.958220311,0.895833333,0.869791667,0.917582418,0.893048128,0.921875
average,0.953328451,0.961919448,0.905989583,0.880208333,0.92844859,0.903583875,0.931770833
